{
    "annotations": {
        "list": [
            {
                "builtIn": 1,
                "datasource": {
                    "type": "datasource",
                    "uid": "grafana"
                },
                "enable": true,
                "hide": true,
                "iconColor": "rgba(0, 211, 255, 1)",
                "name": "Annotations & Alerts",
                "type": "dashboard"
            }
        ]
    },
    "description": "Kafka resource usage and throughput",
    "editable": true,
    "fiscalYearStartMonth": 0,
    "gnetId": 7589,
    "graphTooltip": 0,
    "id": 3,
    "links": [],
    "panels": [
        {
            "aliasColors": {},
            "bars": false,
            "dashLength": 10,
            "dashes": false,
            "datasource": {
                "type": "prometheus",
                "uid": "PBFA97CFB590B2093"
            },
            "fill": 0,
            "fillGradient": 0,
            "gridPos": {
                "h": 10,
                "w": 10,
                "x": 0,
                "y": 0
            },
            "hiddenSeries": false,
            "id": 14,
            "legend": {
                "alignAsTable": true,
                "avg": false,
                "current": true,
                "max": true,
                "min": false,
                "rightSide": false,
                "show": true,
                "sideWidth": 480,
                "sort": "max",
                "sortDesc": true,
                "total": false,
                "values": true
            },
            "lines": true,
            "linewidth": 1,
            "nullPointMode": "connected",
            "options": {
                "alertThreshold": true
            },
            "percentage": false,
            "pluginVersion": "10.4.2",
            "pointradius": 5,
            "points": false,
            "renderer": "flot",
            "seriesOverrides": [],
            "spaceLength": 10,
            "stack": false,
            "steppedLine": false,
            "targets": [
                {
                    "datasource": {
                        "type": "prometheus",
                        "uid": "PBFA97CFB590B2093"
                    },
                    "expr": "sum(rate(kafka_topic_partition_current_offset{instance=\"$instance\", topic=~\"$topic\"}[1m])) by (topic)",
                    "format": "time_series",
                    "intervalFactor": 1,
                    "legendFormat": "{{topic}}",
                    "refId": "B"
                }
            ],
            "thresholds": [],
            "timeRegions": [],
            "title": "Message in per second",
            "tooltip": {
                "shared": true,
                "sort": 0,
                "value_type": "individual"
            },
            "type": "graph",
            "xaxis": {
                "mode": "time",
                "show": true,
                "values": []
            },
            "yaxes": [
                {
                    "format": "short",
                    "logBase": 1,
                    "min": "0",
                    "show": true
                },
                {
                    "format": "short",
                    "logBase": 1,
                    "show": true
                }
            ],
            "yaxis": {
                "align": false
            }
        },
        {
            "aliasColors": {},
            "bars": false,
            "dashLength": 10,
            "dashes": false,
            "datasource": {
                "type": "prometheus",
                "uid": "PBFA97CFB590B2093"
            },
            "fill": 0,
            "fillGradient": 0,
            "gridPos": {
                "h": 10,
                "w": 10,
                "x": 10,
                "y": 0
            },
            "hiddenSeries": false,
            "id": 12,
            "legend": {
                "alignAsTable": true,
                "avg": false,
                "current": true,
                "max": true,
                "min": false,
                "rightSide": false,
                "show": true,
                "sideWidth": 480,
                "sortDesc": true,
                "total": false,
                "values": true
            },
            "lines": true,
            "linewidth": 1,
            "nullPointMode": "connected",
            "options": {
                "alertThreshold": true
            },
            "percentage": false,
            "pluginVersion": "10.4.2",
            "pointradius": 5,
            "points": false,
            "renderer": "flot",
            "seriesOverrides": [],
            "spaceLength": 10,
            "stack": false,
            "steppedLine": false,
            "targets": [
                {
                    "datasource": {
                        "type": "prometheus",
                        "uid": "PBFA97CFB590B2093"
                    },
                    "expr": "sum(kafka_consumergroup_lag{instance=\"$instance\",topic=~\"$topic\"}) by (consumergroup, topic) ",
                    "format": "time_series",
                    "instant": false,
                    "interval": "",
                    "intervalFactor": 1,
                    "legendFormat": "{{consumergroup}} (topic: {{topic}})",
                    "refId": "A"
                }
            ],
            "thresholds": [],
            "timeRegions": [],
            "title": "Lag by  Consumer Group",
            "tooltip": {
                "shared": true,
                "sort": 2,
                "value_type": "individual"
            },
            "type": "graph",
            "xaxis": {
                "mode": "time",
                "show": true,
                "values": []
            },
            "yaxes": [
                {
                    "format": "short",
                    "label": "",
                    "logBase": 1,
                    "min": "0",
                    "show": true
                },
                {
                    "format": "short",
                    "logBase": 1,
                    "show": true
                }
            ],
            "yaxis": {
                "align": false
            }
        },
        {
            "aliasColors": {},
            "bars": false,
            "dashLength": 10,
            "dashes": false,
            "datasource": {
                "type": "prometheus",
                "uid": "PBFA97CFB590B2093"
            },
            "fill": 0,
            "fillGradient": 0,
            "gridPos": {
                "h": 10,
                "w": 10,
                "x": 0,
                "y": 10
            },
            "hiddenSeries": false,
            "id": 16,
            "legend": {
                "alignAsTable": true,
                "avg": false,
                "current": true,
                "max": true,
                "min": false,
                "rightSide": false,
                "show": true,
                "sideWidth": 480,
                "total": false,
                "values": true
            },
            "lines": true,
            "linewidth": 1,
            "nullPointMode": "connected",
            "options": {
                "alertThreshold": true
            },
            "percentage": false,
            "pluginVersion": "10.4.2",
            "pointradius": 5,
            "points": false,
            "renderer": "flot",
            "seriesOverrides": [],
            "spaceLength": 10,
            "stack": false,
            "steppedLine": false,
            "targets": [
                {
                    "datasource": {
                        "type": "prometheus",
                        "uid": "PBFA97CFB590B2093"
                    },
                    "expr": "sum(delta(kafka_topic_partition_current_offset{instance=~'$instance', topic=~\"$topic\"}[5m])/5) by (topic)",
                    "format": "time_series",
                    "intervalFactor": 1,
                    "legendFormat": "{{topic}}",
                    "refId": "A"
                }
            ],
            "thresholds": [],
            "timeRegions": [],
            "title": "Message in per minute",
            "tooltip": {
                "shared": true,
                "sort": 0,
                "value_type": "individual"
            },
            "type": "graph",
            "xaxis": {
                "mode": "time",
                "show": true,
                "values": []
            },
            "yaxes": [
                {
                    "format": "short",
                    "logBase": 1,
                    "show": true
                },
                {
                    "format": "short",
                    "logBase": 1,
                    "show": true
                }
            ],
            "yaxis": {
                "align": false
            }
        },
        {
            "aliasColors": {},
            "bars": false,
            "dashLength": 10,
            "dashes": false,
            "datasource": {
                "type": "prometheus",
                "uid": "PBFA97CFB590B2093"
            },
            "fill": 0,
            "fillGradient": 0,
            "gridPos": {
                "h": 10,
                "w": 10,
                "x": 10,
                "y": 10
            },
            "hiddenSeries": false,
            "id": 18,
            "legend": {
                "alignAsTable": true,
                "avg": false,
                "current": true,
                "max": true,
                "min": false,
                "rightSide": false,
                "show": true,
                "sideWidth": 480,
                "sort": "current",
                "sortDesc": true,
                "total": false,
                "values": true
            },
            "lines": true,
            "linewidth": 1,
            "nullPointMode": "connected",
            "options": {
                "alertThreshold": true
            },
            "percentage": false,
            "pluginVersion": "10.4.2",
            "pointradius": 5,
            "points": false,
            "renderer": "flot",
            "seriesOverrides": [],
            "spaceLength": 10,
            "stack": false,
            "steppedLine": false,
            "targets": [
                {
                    "datasource": {
                        "type": "prometheus",
                        "uid": "PBFA97CFB590B2093"
                    },
                    "expr": "sum(delta(kafka_consumergroup_current_offset{instance=~'$instance',topic=~\"$topic\"}[5m])/5) by (consumergroup, topic)",
                    "format": "time_series",
                    "intervalFactor": 1,
                    "legendFormat": "{{consumergroup}} (topic: {{topic}})",
                    "refId": "A"
                }
            ],
            "thresholds": [],
            "timeRegions": [],
            "title": "Message consume per minute",
            "tooltip": {
                "shared": true,
                "sort": 0,
                "value_type": "individual"
            },
            "type": "graph",
            "xaxis": {
                "mode": "time",
                "show": true,
                "values": []
            },
            "yaxes": [
                {
                    "format": "short",
                    "logBase": 1,
                    "show": true
                },
                {
                    "format": "short",
                    "logBase": 1,
                    "show": true
                }
            ],
            "yaxis": {
                "align": false
            }
        },
        {
            "aliasColors": {},
            "bars": true,
            "dashLength": 10,
            "dashes": false,
            "datasource": {
                "type": "prometheus",
                "uid": "PBFA97CFB590B2093"
            },
            "fill": 1,
            "gridPos": {
                "h": 7,
                "w": 20,
                "x": 0,
                "y": 20
            },
            "id": 8,
            "legend": {
                "alignAsTable": true,
                "avg": false,
                "current": true,
                "max": false,
                "min": false,
                "rightSide": true,
                "show": true,
                "sideWidth": 420,
                "total": false,
                "values": true
            },
            "lines": false,
            "linewidth": 1,
            "nullPointMode": "null",
            "percentage": false,
            "pointradius": 5,
            "points": false,
            "renderer": "flot",
            "seriesOverrides": [],
            "spaceLength": 10,
            "stack": false,
            "steppedLine": false,
            "targets": [
                {
                    "datasource": {
                        "type": "prometheus",
                        "uid": "PBFA97CFB590B2093"
                    },
                    "expr": "sum by(topic) (kafka_topic_partitions{instance=\"$instance\",topic=~\"$topic\"})",
                    "format": "time_series",
                    "intervalFactor": 1,
                    "legendFormat": "{{topic}}",
                    "refId": "A"
                }
            ],
            "thresholds": [],
            "title": "Partitions per Topic",
            "tooltip": {
                "shared": false,
                "sort": 0,
                "value_type": "individual"
            },
            "type": "graph",
            "xaxis": {
                "mode": "series",
                "show": false,
                "values": [
                    "current"
                ]
            },
            "yaxes": [
                {
                    "format": "short",
                    "logBase": 1,
                    "show": true
                },
                {
                    "format": "short",
                    "logBase": 1,
                    "show": true
                }
            ],
            "yaxis": {
                "align": false
            }
        }
    ],
    "refresh": false,
    "schemaVersion": 39,
    "tags": [
        "Kafka"
    ],
    "templating": {
        "list": [
            {
                "current": {
                    "selected": false,
                    "text": "kafka-exporter",
                    "value": "kafka-exporter"
                },
                "datasource": {
                    "type": "prometheus",
                    "uid": "PBFA97CFB590B2093"
                },
                "definition": "label_values(kafka_consumergroup_members,job)",
                "hide": 0,
                "includeAll": false,
                "label": "Job",
                "multi": false,
                "name": "job",
                "options": [],
                "query": {
                    "qryType": 1,
                    "query": "label_values(kafka_consumergroup_members,job)",
                    "refId": "PrometheusVariableQueryEditor-VariableQuery"
                },
                "refresh": 1,
                "regex": "",
                "skipUrlSync": false,
                "sort": 0,
                "tagValuesQuery": "",
                "tagsQuery": "",
                "type": "query",
                "useTags": false
            },
            {
                "current": {
                    "selected": false,
                    "text": "kafka-exporter:9308",
                    "value": "kafka-exporter:9308"
                },
                "datasource": {
                    "type": "prometheus",
                    "uid": "PBFA97CFB590B2093"
                },
                "definition": "label_values(kafka_consumergroup_members{job=~\"$job\"},instance)",
                "hide": 0,
                "includeAll": false,
                "label": "Instance",
                "multi": false,
                "name": "instance",
                "options": [],
                "query": {
                    "qryType": 1,
                    "query": "label_values(kafka_consumergroup_members{job=~\"$job\"},instance)",
                    "refId": "PrometheusVariableQueryEditor-VariableQuery"
                },
                "refresh": 1,
                "regex": "",
                "skipUrlSync": false,
                "sort": 0,
                "tagValuesQuery": "",
                "tagsQuery": "",
                "type": "query",
                "useTags": false
            },
            {
                "current": {
                    "selected": false,
                    "text": "All",
                    "value": "$__all"
                },
                "datasource": {
                    "type": "prometheus",
                    "uid": "PBFA97CFB590B2093"
                },
                "definition": "",
                "hide": 0,
                "includeAll": true,
                "label": "Topic",
                "multi": true,
                "name": "topic",
                "options": [],
                "query": "label_values(kafka_topic_partition_current_offset{instance='$instance',topic!='__consumer_offsets',topic!='--kafka'}, topic)",
                "refresh": 1,
                "regex": "",
                "skipUrlSync": false,
                "sort": 1,
                "tagValuesQuery": "",
                "type": "query",
                "useTags": false
            }
        ]
    },
    "time": {
        "from": "now-24h",
        "to": "now"
    },
    "timepicker": {
        "refresh_intervals": [
            "5s",
            "10s",
            "30s",
            "1m",
            "5m",
            "15m",
            "30m",
            "1h",
            "2h",
            "1d"
        ],
        "time_options": [
            "5m",
            "15m",
            "1h",
            "6h",
            "12h",
            "24h",
            "2d",
            "7d",
            "30d"
        ]
    },
    "timezone": "browser",
    "title": "Kafka Exporter Overview",
    "uid": "jwPKIsnizwefw",
    "version": 2,
    "weekStart": ""
}